Lang,Text,username,name,label
en,ascending wealth empower financial journey mutual fund life insurance health insurance planning motor insurance planning business insurance loan deposit bond amp debenture ascendingwealth financialprosperity http co gmiasbllp,ascendingwealth,Ascending Wealth Solutions,motor
en,rt allansseky drive confidently motor third party insurance weekend make sure valid mtp insurance,Redd_Lattte,Redd Latte,motor
en,protect auto garage business riskretentiongroup coverage get comprehensive auto liability garage liability cyber liability auto dealer motor truck cargo insurance ny nj ca fl ga amp tx autogarageinsurance riskretentiongroup,ucrrg,Universal Casualty,motor
en,rt lockhartolivia miamiherald moved california moved state farm insurance canceled got allst,kikiakadooc,Huckleberry Dillinger â˜®ï¸ğŸŸ§ğŸŒŠğŸ‡ºğŸ‡¦ğŸ‡ºğŸ‡¸âš–ï¸ğŸ³ï¸â€ğŸŒˆ,home
en,giancarlosopo rondesantis florida failing way one rondefascist http co g hbaz tj,jwmkup,John T. Wright,home
en,rt ssirik july proxie bright life insurance centralwestgate proxie br,CrushOnGorn,â™¡à¾€à½² à¸„à¸£à¸±à¸Šà¸­à¸­à¸™.,life
en,drmoneytrees le accident involve one stationary vehicle contrary public belief source awful year motor insurance litigation,Garmless_Hags,Garmless Hags,motor
en,rt cwebbonline dear govrondesantis another woke insurance company pulling state maybe skip iowa amp take car,EllenJaffy,Ellen Jaffy,home
en,rt cwebbonline dear govrondesantis another woke insurance company pulling state maybe skip iowa amp take car,QueenYellowdy,QueenYellowdy,home
en,rt ssirik july proxie bright life insurance centralwestgate proxie bright life insurance,yourmygoodboy,Êá´á´œÊ€á´ÊÉ¢á´á´á´…Ê™á´Ê áƒ¦,life
en,sign easyfundraising get free donation tag compare home car insurance amp tv broadband phone deal get lowest price amp big donation tag feemercurymoon tag raised much http co h pu vj,MarcBolanShrine,Marc Bolan's Rock Shrine,home
en,rt cwebbonline dear govrondesantis another woke insurance company pulling state maybe skip iowa amp take car,onebeachguy,Blake â˜®ï¸,home
en,rt micaburton please read thread said way could survive working actor si,killianfantasy,Sarah M,health
en,rt imotivateafrica initiative launched website order expedite enrollment sickle cell warrior ekiti state,EkitiBabyGov,Ekiti Baby Governor TK,health
en,ibai respected ji motor insurance tp insurance ownership change registration vehicle rto new owner od part insurer trust rto trf motor od also since u believe trust innovation pl implement,sanjeevhyd62,Sanjeev jain,motor
en,rt waterdean may move home insurance crisis rock ron desantis florida http co euwgadrtv insurance went,cathy1854,Cathy C,home
en,rt asiwajuoladimej live initiative oainitiative today launched website order expedite enrollme,Debiwumi,No.1 Ekiti Influencer,health
en,stop ride get hassle free insurance premium secure motor vehicle insurance policy today ease convenience mycreditlimited zahariinsurance reach u today get cover http co nyclw bmg,JacobMugeni2,SUBA CENTRAL MP 2027âœ´ï¸,motor
en,car stuck foot water know value comprehensive motor insurance big medical bill come know value mediclaim insurance person unfortunately leaf world family know value life insurance,srikantasahu,srikanta sahu,motor
en,unitedindiainsu regarding motor vehicle insurance number even repeatedly contacting staff response regarding payment car accident insurance coverage kia showroom thrissur since april work started,suryasivadas91,suryasivadas91@gmail.com,motor
en,rt allansseky drive confidently motor third party insurance weekend make sure valid mtp insurance,SmallJenni76726,Jennifer Small,motor
en,july proxie bright life insurance centralwestgate proxie bright life insurance proxieth proxiegorn http co nk lxzauv,ssirik_,- à¹€à¸ˆà¹‰à¸²à¸«à¸¥à¸´à¸§ -,life
en,rt imotivateafrica initiative launched website order expedite enrollment sickle cell warrior ekiti state,olumuyiwaayo,"Olumuyiwa Igbalajobi, Ph.D",health
en,rt odnutxgorn proxie bright life insurance proxieth proxiegorn htt,a_athkrin,a_a âœ¨ğŸ’•,life
en,pulte home ac motor broke main sewer line need replaced car shop drunk driver hit luckily insurance covering,Roflcopter72896,Derrick Smith,motor
en,nitin gadkari respected ji motor insurance tp insurance ownership change registration vehicle rto new owner od part insurer trust rto trf motor od also since u believe trust innovation pl implement,sanjeevhyd62,Sanjeev jain,motor
en,rt streatceo rich try best get private health insurance family yes afford,iambennygh,âˆ†Â¥Â¥ Â¶âˆ†Â¶!ğŸ‡¬ğŸ‡­ğŸ‡ªğŸ‡¸ğŸ‡ºğŸ‡¸,health
en,comprehensive motor insurance must client car stuck foot water want know claim damage told said opted rd party insurance going advise nothing payable insurance co instant regret,finriseinvest,Ricky Gupta,motor
en,rt waterdean may move home insurance crisis rock ron desantis florida http co euwgadrtv insurance went,mdrfl,ğŸŸ§ğŸ‡ºğŸ‡¦TheE work of democracy is the work of r time,home
en,rt juliadoe one final point introduction pet health insurance led leap vet bill,Bliadhnaichean,ğŸŒğŸ‘¨â€ğŸ‘©â€ğŸ‘§â€ğŸ‘¦Godfrey KÄfir-Goyâš›ğŸ•Šâš–âœŠğŸ’™ğŸ¥ğŸ—ğŸ€ğŸ‡µğŸ‡¸,health
en,rt asiwajuoladimej live initiative oainitiative today launched website order expedite enrollme,Oriyomi0Flagos,Abdul-majid Oriyomi,health
en,rt micaburton please read thread said way could survive working actor si,VivoTranquil0,Kail,health
en,rt beauchandler gay male friend texas married one al probably u much lon,Aquaturds,Aquaturds,home
en,road user know right concerning motor vehicle insurance stipulated third party risk act provides compulsory insurance third party bodily risk respect use vehicle forfeit claim http co kur poqmlu,PeshK319,Being PeshğŸ‡ºğŸ‡¬,motor
en,desantis ban covid vaccine time sell property move already tripled home insurance waste state could incredible,Mosatch8,Mosatch8,home
en,rt fuzzymittens health insurance model force patient pay whatever price want force doctor take whatever rate wa,Hennype85026470,Hennypenny!,health
en,specialise modified car insurance amp find best value policy click http co fsyerkggwx call quote stance tuned jdm car motoring motor auto tunedcars lowered slammed modifiedcars carinsurance insurance cover http co joby mkjww,PDInsurance,Performance Direct,motor
en,rt danielgoyal need know nh alternative model funding etc watch channel news interview fund,jadiles1,John,health
en,rt odnutcho proxie bright life insurance proxieth proxiechokun http co q,khanun_91,PLEAâ˜”ï¸VE MEğŸŠ,life
en,poly dub motor yacht sailing yacht owned russian andrey melnichenko arrested trieste italy flag registration insurance cancelled float around dubai water see person hatch near bow gauge scale http co ucv iv,incatrea,AstraKhan,motor
en,rt beauchandler gay male friend texas married one al probably u much lon,NH420Bottom,Kevin 420â¬‡ï¸ #BLACKLIVESMATTER,home
en,rt asiwajuoladimej live initiative oainitiative today launched website order expedite enrollme,WandeWatt,Wandeâ„¢ï¸ (OON),health
en,erikdphillips jamesthagk alfe joseph tompson te leftismforu insurance case accident also cover theft person take life crime assumes risk risk vary,dennis_melton,Dese,life
en,rt vijayalif bike insurance expired month motor vehicle act r fine charge chennaitraffic pls note http co,mr_kk001_,Ğ¼Ñ.ĞºĞº î¨€,motor
en,rt ssirik july proxie bright life insurance centralwestgate proxie bright life,CrushOnGorn,â™¡à¾€à½² à¸„à¸£à¸±à¸Šà¸­à¸­à¸™.,life
en,florida rocked home insurance crisis may sell move soaring hurricane cover premium bad news state homeowner ron desantis accused dragging foot read guardian http co seap q,GOTGA,Gayle Anderson,home
en,rt cwebbonline dear govrondesantis another woke insurance company pulling state maybe skip iowa amp take car,SofroniaFire,Surf Fire,home
en,rt cwebbonline dear govrondesantis another woke insurance company pulling state maybe skip iowa amp take car,redcanyon22,Bruno,home
en,rt waterdean may move home insurance crisis rock ron desantis florida http co euwgadrtv insurance went,PickleNose333,PickleNose,home
en,rt ssirik july proxie bright life insurance centralwestgate proxie bright life insurance,CrushOnGorn,â™¡à¾€à½² à¸„à¸£à¸±à¸Šà¸­à¸­à¸™.,life
en,rt atheist bad bold move fl going illiterate transphobic religious bigoted theocracy instead home owner insurance,StarkJulieanne,JulieAnne Stark,home
en,fancam proxie kim victor gun proxie bright life insurance proxieth proxiegun proxievictor proxiekim http co bfvmkffnpc,DarkchocokunDCK,Darkchocokun_DCK,life
en,oiclinsurance respected ji motor insurance tp insurance ownership change registration vehicle rto new owner od part insurer trust rto trf motor od also since u believe trust innovation pl implement,sanjeevhyd62,Sanjeev jain,motor
en,motor insurance cost gone roof annual premium changed car april compare site renewal come nothing cheaper increase month,mdh2007,Mark Hutchings,motor
en,rt micaburton please read thread said way could survive working actor si,75safari,T,health
en,rt ssirik july proxie bright life insurance centralwestgate proxie bright life insurance,ppastelshop,ppastelshop,life
en,lauraloomer try texas high property tax high auto home insurance water utility cannot afford retire,3dogmary,#MagaMary,home
en,rt odnutcho proxie bright life insurance proxieth proxiechokun http,noon_pach,nğŸ‘ğŸ‘n,life
en,keep business move motor fleet insurance latest blog explores everything need know essential coverage business uae click read full article http co rn xx cv,Gargash_Insrnce,Gargash Insurance,motor
en,rt cbsnews aaa renew auto home insurance policy customer florida joining growing list insurer dial,IowaLady_,Iâ˜®ï¸waLady_ğŸŸ§ğŸ‡ºğŸ‡¸ğŸŒ»,home
en,jvidyasagar dingdingpb sir vehicle insurance exempted per motor vehicle act state transport undertaking vehicle data entry mistake rto vehicle backlog,iamarundurairaj,Arun Durairaj,motor
en,kalmantibs u functional healthcare system shoddy sick care system benefit health insurance industry profit,MeowVT,Kitty,health
en,rt allansseky drive confidently motor third party insurance weekend make sure valid mtp insurance,TammyChris34205,Tammy Christian,motor
en,rt micaburton please read thread said way could survive working actor si,MattyGaddy,MattGaddy,health
en,ktrbrs respected sirji motor insurance tp insurance ownership change registration vehicle rto new owner od part insurer trust rto trf motor od also since u believe trust innovation pl implement,sanjeevhyd62,Sanjeev jain,motor
en,rt neverstopevolvn housing affordable vehicle better hold tight utility sky rocketing car insura,blreeves,The Silver Spoon Gardening Goon,health
en,realcraigsawyer taking satanic cult class since late arresting satanic murderer kidnapper child abuser animal abuser etc since nobody wanted deal bring grant money like drug gun motor vehicle enforcement insurance agent,genocsp,Geno,motor
en,new parking charge mobile app payment unicom insurance motor trade news http co nkijyn htq motortrade motortradenews insurance http co st h x lvo,UnicomInsurance,Motor Trade News,motor
en,rt nsklonline guy life insurance,NSKLOnline,badgyalğŸ‡¦ğŸ‡¬ğŸ‡²ğŸ‡¸,life
en,florida rocked home insurance crisis may sell move florida guardian http co xeiwioaud,HELENA8235,Helena ğŸ’›ğŸ’œğŸ’š LOVEISLOVE,home
en,rt zachbarack lead streaming service animated show two season didnt make enough health insurance lead amp,vee_olicity,Vee Olicity,health
en,rt odnutcho proxie bright life insurance proxieth proxiechokun,bbxmbk,.BK. âœ¿ à¹€à¸ˆà¹‡à¸šà¸­à¸¢à¸¹à¹ˆà¸™à¸°à¹€à¸§à¹ˆà¸¢,life
en,insurance advisor trusted life insurance company http co cign yzq n,insurance_2022,Insurance Advisor,life
en,rt streatceo rich try best get private health insurance family yes afford,Ekowmaisse,Ekow,health
en,rt livelawindia mv act supreme court enhances compensation victim disability award compensation loss marriag,lucky_241004,SUDHANSHU CHOUDHARY ğŸ‡®ğŸ‡³,motor
en,zubinkapadia hi zubin sorry unpleasant experience escalated concern motor insurance team one member connect regarding policy status priority,policybazaar,Policybazaar,motor
en,pwbnyc genius crackdown enforcing ny motor vehicle insurance registration law vehicle must carry insurance license plate ebike without plate knock someone crash car identify vehicle carrying plate,Nick_10306,nyc_10306,motor
en,rt zachbarack lead streaming service animated show two season didnt make enough health insurance lead amp,SamuelBass,sam is stuck in newark,health
en,rt flotuk seeing many people fundraise funeral cost life insurance important man,NSKLOnline,badgyalğŸ‡¦ğŸ‡¬ğŸ‡²ğŸ‡¸,life
en,excathedra aviva direct motor insurance age may need decline cover new business depending car insured claim history applies new business would decline cover jake,AvivaUK,Aviva UK,motor
en,ontario dooring considered traffic collision motor vehicle motion driver could fine demerit point police release driver insurance information classified collision http co vd ttofd,frpaul1,Bicycle Seen ğŸ’‰+,motor
en,fesshole give spare key take get claim insurance get motor home,PAFenwick74,Peter Fenwick,motor
en,fl atesbryan tnconews take look conservative event turning point florida desantis tennessee afraid attend florida people florida tennessee done florida able even home insurance company http co c ha eign,americasgreat,Futurist,home
en,semujjunganda youthbizexp honaniteevelyn hi sudais jubilee need health life insurance policy solution motor vehicle comprehensive child education plan investment scheme policy let connect whatsapp http co mfyczmhwik,s_kirumira,suS@kirumira,motor
en,rt cwebbonline dear govrondesantis another woke insurance company pulling state maybe skip iowa amp take car,lladue3,lladue,home
en,florida getting reasonable home owner insurance impossible get policy thousand dollar watch gov shoot shit state nothing fl,SarrubboJohn,John Sarrubbo,home
en,protect vehicle havoc monsoon least protect finance let help find right motor insurance policy,cuandrakla28524,Cuandrakla Verama,motor
en,rt beauchandler gay male friend texas married one al probably u much lon,SportGenerosity,Sporting Generosity,home
en,rt thequeenaminat mrodanz lie spit school subsidize fee teacher ch,OsineyeAdeola,Osineye Adeola,health
en,life ruined drunk driver insurance paying outpatient ot pt learn walk http co oxvoyvbph http co wqufuhwblp,ubrdrvrneedshlp,Jennifer Baker,life
en,rt themahavir smashed excuse delay health insurance earlier compare plan decide based personalized report earli,dumb_doh,Sharadh,health
en,heyyitspolo spacrooster jnhanvey billboardchris health care stopping puberty child chopping healthy body part etc lot insurance company pulling child grow change mind make life altering decision like,Kimmydoll49,Kim Cuthbertson,life
en,rt ssirik july proxie bright life insurance centralwestgate proxie bright life insurance,yourmygoodboy,Êá´á´œÊ€á´ÊÉ¢á´á´á´…Ê™á´Ê áƒ¦,life
en,rt lauraloomer president trump talking making home ownership affordable young people meanwhile florida gov,fltcharleyride1,FLTCHarleyrider,home
en,need reliable auto amp garage insurance coverage ny nj ca fl ga tx look risk retention group securing best auto liability garage cyber liability auto dealer motor truck cargo insurance rrg insurance,ucrrg,Universal Casualty,motor
en,factschaser somebody buy auction insurance numb use battery practically anything could use motor controller electronics easy insurance totaled nissan leaf needed loss someone else gain http co htb c sld,DannialHayes,Dannial Hayes,motor
en,rt allansseky drive confidently motor third party insurance weekend make sure valid mtp insurance,StacyBerry94698,Stacy Berry,motor
en,rt micaburton please read thread said way could survive working actor si,KSmithSF,Kristine Smith,health
en,rt asiwajuoladimej live initiative oainitiative today launched website order expedite enrollme,akomscopy,Foundational Okun man ğŸ˜‚ ğŸ‡³ğŸ‡¬,health
en,rt neverstopevolvn housing affordable vehicle better hold tight utility sky rocketing car insura,nerdbaeJAY,ğ™¹ğšŠğš¢ ğ™±ğšğš›ğš£ğšŠğšğšğš˜,health
en,rt scottdesno purpose health insurance company http co nnl ien tb,Eric_Blum_,Eric Blum,health
en,rt lauraloomer today aaa insurance announced renew auto home insurance policy many policy hold,taemantiger,Tim Ultra Maga 1776,home
en,mrfoz hi change car insurance need made chronological order ensure motor insurance database correct look like made change wrong order told cannot changed,AvivaUK,Aviva UK,motor
en,rt taxationupdates payment made cash account health insurance premium allowable deduction u exception amoun,rahulsinghtitu,Rahul Singh Titu,health
en,excellency officialabat may already know country bhcpf grossly inadequate palliative fund government expand health insurance coverage poor people bottom five decile national social register,DrAAdamu,Abdu Adamu ğŸ‡³ğŸ‡¬,health
en,rt asiwajuoladimej live initiative oainitiative today launched website order expedite enrollme,aynigeria_,AY Nigeria ğŸ‡³ğŸ‡¬ğŸ‡¬ğŸ‡­ğŸ‡ºğŸ‡¸,health
en,rt cwebbonline dear govrondesantis another woke insurance company pulling state maybe skip iowa amp take car,sbprophet,Bob M,home
en,offer comprehensive auto amp garage insurance coverage motor truck cargo auto dealer cyber liability business ny nj ca fl ga tx riskretentiongroup oklahoma autoinsurance garageinsurance,ucrrg,Universal Casualty,motor
en,nazi dictatorship munich benefited anti semitic persecution jewish customer cancel life insurance prematurely leading huge profit insurance company time munich could acquire several property owned jew,msholly,MsHolly,life
en,rt skkeys michael regan last week viewer surged victim tuned see housing official could explain insurance indu,BrendanWhite_,Brendan White,life
en,rt odnutcho proxie bright life insurance proxieth proxiechokun http co q,a_athkrin,a_a âœ¨ğŸ’•,life
en,rt beauchandler gay male friend texas married one al probably u much lon,Donna90255406,Donna,home
en,rt myshotguxn proxie bright life insurance silent mode gun fancam http co jphfi proxie,Meann_tmw,MNğŸ£ğŸ°ğŸ§¡,life
en,rt allansseky drive confidently motor third party insurance weekend make sure valid mtp insurance,khan_debor91803,Deborah Khan,motor
en,rt neverstopevolvn housing affordable vehicle better hold tight utility sky rocketing car insura,_kynalexis,kyndoll.,health
en,rt allansseky drive confidently motor third party insurance weekend make sure valid mtp insurance,CaseyAyers52802,Casey Ayers,motor
en,rt delightin proxie bright life insurance proxieth proxiekim ht,parbparbparb,à¸‹à¸±à¸‡à¸à¸¸à¸‡à¸à¸£à¸´à¸à¸ªà¸”,life
en,bhavikakapoor impound owner compelled buy new car cost owning vehicle going buy year motor insurance force buy helmet time purchasing wheeler show receipt purchase one dealer mandate c commercial vehicle,atvamc,Vamsidhar Atyam,motor
en,rt ssirik july proxie bright life insurance centralwestgate proxie bright life insu,sa__ous,jg_orn. ğŸ©· à¸™à¹‰à¸­à¸‡à¸­à¸´à¹ˆà¸¡à¸šà¸¸à¸ /â–ªï¸à¹€à¸ˆà¹‡à¸šà¸­à¸¢à¸¹à¹ˆ hurtingâ–ªï¸\,life
en,btnstu generally wear black veil always ask life insurance date know going wrong,Lookinupatstars,Snow,life
en,rt leghorn may move home insurance crisis rock ron desantis florida http co xgt,my2centsay,DollyannağŸŸ§ğŸ‘ğŸ’–ğŸŒ¼ğŸ›ğŸšğŸ’™ğŸŒŠ,home
en,daviddavismp quick question million people private health insurance work paid asked question using nh hospital etc,muddfish12,Tony T,health
en,rt cicgroupplc team site aakenya auto clinic event kicc ground ready give best insurance insight ad,jkorir5,Japhet Korir,motor
en,serious note best health insurance cover one take apart nhif cater almost every expense much want check something urgently,omwambaKE,Omwamba ğŸ‡°ğŸ‡ª,health
en,protect vehicle havoc monsoon least protect finance let help find right motor insurance policy http co jxnm buhj,cuandrakla28524,Cuandrakla Verama,motor
en,rt ssirik july proxie bright life insurance centralwestgate proxie bright life insu,CrushOnGorn,â™¡à¾€à½² à¸„à¸£à¸±à¸Šà¸­à¸­à¸™.,life
en,know get k term life insurance coverage little month get new york life one respected name industry put longer contact today http co dtq vqtdga,JerrellBakerNYL,Jerrell Baker,life
en,cgreathouse yes thank familiar health insurance working annoyed go got damn novel medication tried failed whole list happens access migraine preventative bleh,gayharpercapote,gay harper capote (she/her/hers),health
en,rt ssirik july proxie bright life insurance centralwestgate proxie,CrushOnGorn,â™¡à¾€à½² à¸„à¸£à¸±à¸Šà¸­à¸­à¸™.,life
en,rt ssirik july proxie bright life insurance centralwestgate proxie,yourmygoodboy,Êá´á´œÊ€á´ÊÉ¢á´á´á´…Ê™á´Ê áƒ¦,life
en,rt neverstopevolvn housing affordable vehicle better hold tight utility sky rocketing car insura,sessions_simone,Sessions with Simone,health
en,rt zachbarack lead streaming service animated show two season didnt make enough health insurance lead amp,EvansTahj,Tahj Evans,health
en,rt genocsp realcraigsawyer taking satanic cult class since late arresting satanic murderer kidnapper child abuse,EricMoo91919605,Eric Moore,motor
en,rt allansseky drive confidently motor third party insurance weekend make sure valid mtp insurance,NicoleMcdo99150,Nicole Mcdonald,motor
en,florida rocked home insurance crisis may sell move http co tqeedvohcl,globaltrac2,Ed,home
en,rt micaburton please read thread said way could survive working actor si,thekieudang,kieuella deville,health
en,rt annyeongonglee proxie bright life insurance proxieth proxieonglee http co vpof,f_pheling,Tantawan,life
en,rt ellen adair vast majority actor somewhere range sag actor make sag orde,cancelproof,artist formerly known as thehkd (she/her/they),health
en,dear govrondesantis another woke insurance company pulling state maybe skip iowa amp take care business home aaa pull back offering insurance florida following farmer dropping policyholder florida manage risk http co ozo lnehb,cwebbonline,Christopher Webb,home
en,rt cwebbonline dear govrondesantis another woke insurance company pulling state maybe skip iowa amp take car,rusian_dude,Rusian Dude,home
en,heyyitspolo spacrooster jnhanvey billboardchris health care stopping puberty child chopping healthy body part etc lot insurance company pulling child grow change mind make life altering decision like,Kimmydoll49,Kim Cuthbertson,health
en,rt waterdean may move home insurance crisis rock ron desantis florida http co euwgadrtv insurance went,gracechurch64,gracechurch64,home
en,rt neverstopevolvn housing affordable vehicle better hold tight utility sky rocketing car insura,callmekelell,Point of Order,health
en,rt fuzzymittens health insurance model force patient pay whatever price want force doctor take whatever rate wa,no1historychick,Beth D Kicinski,health
en,rt pappiness mention reality sag aftra union member quality health insurance much,freepeeper,ğ•‹â„â„ğ•€ğ•ğ”¼ ğ•†â„• â„™ğ•Œâ„â„™ğ•†ğ•Šğ”¼,health
en,rt ssirik july proxie bright life insurance centralwestgate proxie bright life,yourmygoodboy,Êá´á´œÊ€á´ÊÉ¢á´á´á´…Ê™á´Ê áƒ¦,life
en,rt teapainusa florida right wing hellhole http co mfzj ug nk,nursemacster,Barry McElyea,home
en,florida homeowner paying annually home insurance three time national average insurance premium increased since governor ron desantis took office late http co nlb,highbrow_nobrow,The Intellectualist,home
en,nsitharaman respected n ji motor insurance tp insurance ownership change registration vehicle rto new owner od part insurer trust rto trf motor od also since u believe trust innovation pl implement,sanjeevhyd62,Sanjeev jain,motor
en,rt bladeofthes health insurance cover whatever like get nh completely dead terrible care,teres35031,Teresa Mawer,health
en,rt imotivateafrica initiative launched website order expedite enrollment sickle cell warrior ekiti state,kailmarvel,The AyÃ²mibÃ²ğŸ‡³ğŸ‡¬,health
en,rt micaburton please read thread said way could survive working actor si,Yeshua_Kristos,Yeshua_Kristos #MarcosNotMyPresident,health
en,rt allansseky drive confidently motor third party insurance weekend make sure valid mtp insurance,WilliamBla2319,William Blackwell,motor
en,offer specialized automobile liability garage motor truck cargo insurance coverage ny nj ca fl ga tx perfect auto dealer riskretention ok insurance,universalcasual,Universal Casualty,motor
en,wiseconnector well new one florida adding service charge almost everything question know charge going health insurance,rxspence,Xiomara E. SpenceğŸ‡µğŸ‡·ğŸ‡ºğŸ‡¦,health
en,rt waterdean may move home insurance crisis rock ron desantis florida http co euwgadrtv insurance went,Meidas_Jasmine,Meidas_Jasmine,home
en,rt allansseky drive confidently motor third party insurance weekend make sure valid mtp insurance,KaylaBurge43451,Kayla Burgess,motor
en,new car award winner http co nlyb n ufk motortrade motortradenews insurance follow u multiple great professional uk motor trade post like every day http co xrr qyltz,UnicomInsurance,Motor Trade News,motor
en,rt waterdean may move home insurance crisis rock ron desantis florida http co euwgadrtv insurance went,Annette23348076,Annette Bond,home
en,rt waterdean may move home insurance crisis rock ron desantis florida http co euwgadrtv insurance went,Peace_AFranklin,AFranklin,home
en,rt micaburton please read thread said way could survive working actor si,smallgroweratl,StopCopCity,health
en,vinamraor drjssuri vikram spend life earnings thing matter well afford insurance maybe living bubble,ProfKiRaquel,Raquel,life
en,rt odnutcho proxie bright life insurance proxieth proxiechokun http co q,aom2550a,Aomm,life
en,rt waterdean may move home insurance crisis rock ron desantis florida http co euwgadrtv insurance went,PaulFromTheBx,P.A.Rosenberg USAFâœ¡ï¸Vet_#JoeBiden.,home
en,rt lauraloomer president trump talking making home ownership affordable young people meanwhile florida gov,mhayden37801,Michelle Hayden,home
en,rt cwebbonline dear govrondesantis another woke insurance company pulling state maybe skip iowa amp take car,howardtullman1,howardtullman,home
en,rt silversmith florida rocked home insurance crisis may sell move http co mrlwnypg,gilson_kathleen,Kathleen Gilson,home
en,peachymirko health insurance,JamesGirthXXX,Diary of The Twink Wrangler ğŸ¤ ,health
en,rt cwebbonline dear govrondesantis another woke insurance company pulling state maybe skip iowa amp take car,KYb9uVEs8RspTwi,Ø³Ø±Ø§Ø¨,home
en,type insurance available max insurance point kongamdara company motor health pa shop house etc,RafeeqMeer,Meer Rafeeq,motor
en,fuck difficult get proper trans health care also ordered wrong testosterone prescription insurance even cover upset could fucking scream never seeing made fucking upset,420_ashtray,ashten,health
en,rt cwebbonline dear govrondesantis another woke insurance company pulling state maybe skip iowa amp take car,gtjaden,Gabrielle Tjaden,home
en,rt streatceo rich try best get private health insurance family yes afford,d_aniel_O,Ing. Jadon,health
en,rt cwebbonline dear govrondesantis another woke insurance company pulling state maybe skip iowa amp take car,CapriMilanRome,Wanderlust,home
en,rt highbrow nobrow florida homeowner paying annually home insurance three time national average insuran,Meidas_Jasmine,Meidas_Jasmine,home
en,rt cwebbonline dear govrondesantis another woke insurance company pulling state maybe skip iowa amp take car,MightyOakTree2,MightyOakTree,home
en,arvindkejriwal respected sir ji motor insurance tp insurance ownership change registration vehicle rto new owner od part insurer trust rto trf motor od also since u believe trust innovation pl implement,sanjeevhyd62,Sanjeev jain,motor
en,july proxie bright life insurance centralwestgate proxie bright life insurance proxieth proxiegorn http co hgtk gyy,ssirik_,- à¹€à¸ˆà¹‰à¸²à¸«à¸¥à¸´à¸§ -,life
en,felicityhannah let discus triple tax motor fuel fuel tax pay vat top taxed income well tax drive vehicle highway charge drive certain city ipt legalised extortion insurance,rumackdh,âœ¡ï¸ MakeEarthGreatAgainğŸ‡¬ğŸ‡§ğŸ‡ºğŸ‡¸ğŸ‡®ğŸ‡±ğŸ‡ºğŸ‡¦,motor
en,rt micaburton please read thread said way could survive working actor si,RayImpastato,Raymond J Impastato,health
en,rt asiwajuoladimej live initiative oainitiative today launched website order expedite enrollme,Ohiss_,ğ•ºğ–ğ–ğ–—ğ–Šğ–’ğ–Šğ–“,health
en,rt solphendukaa covered life insurance choose,FvnkyYolo_,FvnkyYolo. ğŸ˜´,life
en,rt taxologyin input tax credit itc gst paid life insurance health insurance available input purpose let understand,CASam_K,Sameer karnik,health
en,datzmerajat hi rajat regret inconvenience caused escalated concern motor insurance team team get touch regarding policy status earliest,policybazaar,Policybazaar,motor
en,rt sergrayson could literally lead project mark enough qualify health insurance actor like majo,eIIestark,e l l e,health
en,rt cwebbonline dear govrondesantis another woke insurance company pulling state maybe skip iowa amp take car,peeacelove75,Michelle Harpe,home
en,rt asiwajuoladimej live initiative oainitiative today launched website order expedite enrollme,EkitiBabyGov,Ekiti Baby Governor TK,health
en,rt cwebbonline dear govrondesantis another woke insurance company pulling state maybe skip iowa amp take car,ElzaCarey31,ElizağŸŒ’,home
en,rt cwebbonline dear govrondesantis another woke insurance company pulling state maybe skip iowa amp take car,GayFawn,Gay Fawn Knauf,home
en,rt asiwajuoladimej live initiative oainitiative today launched website order expedite enrollme,Tolulope_Charmz,"Tolulope, O.A",health
en,rt cwebbonline dear govrondesantis another woke insurance company pulling state maybe skip iowa amp take car,schwartz1066,Michael Charron,home
en,rt cwebbonline dear govrondesantis another woke insurance company pulling state maybe skip iowa amp take car,Janclewa,JanJan,home
en,rt annyeongonglee proxie bright life insurance proxieth proxieonglee http co vpof,mjnwdl__,ğ‘¦ğ‘–ğ‘ğ‘œğ‘œğ‘› ğŸ’¬,life
en,leghorn gov home insurance pay roll ever,Doncschmidt1C,don c. schmidt,home
en,rt cwebbonline dear govrondesantis another woke insurance company pulling state maybe skip iowa amp take car,MustGoVote,Your Vote Matters #voteblue,home
en,rt ssirik july proxie bright life insurance centralwestgate proxie bright li,CrushOnGorn,â™¡à¾€à½² à¸„à¸£à¸±à¸Šà¸­à¸­à¸™.,life
en,rt imotivateafrica initiative launched website order expedite enrollment sickle cell warrior ekiti state,Solarful,RosathephotofloristË¢áµ€ ğŸ”±,health
en,rt delightin proxie bright life insurance proxieth proxiekim ht,f_pheling,Tantawan,life
en,rt waterdean may move home insurance crisis rock ron desantis florida http co euwgadrtv insurance went,WinstonJohansen,Winnie johansen,home
en,kevinnbass thats great neither side fence however work insurance company south africa life claim higher gave dropped back previous level also claim renal failure gone th higher th,StevenBerry1981,Steven Berry,life
en,rt odnutcho proxie bright life insurance proxieth proxiechokun http co b ozk,Syn_cfx,à¸«à¸§à¸²à¸™à¹ƒà¸ˆ,life
en,insurance advisor best life insurance company australia best life http co fi vjnht,insurance_2022,Insurance Advisor,life
en,rt imotivateafrica initiative launched website order expedite enrollment sickle cell warrior ekiti state,Yeribabaa,The SGFğŸ‡³ğŸ‡¬,health
en,redefining life insurance interview nichole lecher http co lusfss apf via mckinsey,AyataAnalytics,Ayata,life
en,rt lauraloomer rondesantis need come home take care florida insurance problem president trump speaking actcon,Amy87301394,Amy L Spear,home
en,rt trafficwmp rhpt today carried joint operation motor insurance bureau west bromwich vehicle stopped,LizClements,Liz Clements,motor
en,rt ssirik july proxie bright life insurance centralwestgate proxie bright li,yourmygoodboy,Êá´á´œÊ€á´ÊÉ¢á´á´á´…Ê™á´Ê áƒ¦,life
en,rt mcbbankpk new peugeot awaits exciting news peugeot lover joined hand lucky motor corporation offer,PakistanBanking,Pakistan Banking,motor
en,rt odnutcho proxie bright life insurance proxieth proxiechokun,ckbabeb0i,à¥°Ë³ á´„Êœá´Éªá´˜ âœ¿ğ“ˆ’ rest,life
en,rt cicgroupplc team site aakenya auto clinic event kicc ground ready give best insurance insight ad,AAKenya,Automobile Association of Kenya,motor
en,know cic group offer comprehensive motor insurance cover loss damage caused car well loss damage injury caused party property information visit stand today aa kenya auto clinic event kicc http co jx na phry,CICGroupPLC,CIC Group PLC,motor
en,rt micaburton please read thread said way could survive working actor si,sharonreader,Sharon âš–ï¸ IG SharonsBookRx #ForTHEEPeople,health
en,rt cwebbonline dear govrondesantis another woke insurance company pulling state maybe skip iowa amp take car,AnneStavely,TerpFanForLife,home
en,rt lepapillonblu florida rocked home insurance crisis may sell move guardian http co p tmdlvmkn,JohnBGilman,John B Gilman,home
en,rt neverstopevolvn housing affordable vehicle better hold tight utility sky rocketing car insura,ShesTheRealRedd,r e d d âœ¨,health
en,rt waterdean may move home insurance crisis rock ron desantis florida http co euwgadrtv insurance went,inforenique,My InfoRenique,home
en,thricetry pluginalberta motor felipe hmm deny funded big oil apparently also insurance industry well know manipulated guess make debate pretty easy,Cmdrd5,Dan,motor
en,best choice cover car along best price call visit website get quote http co vjs tsdhbl luxurycar insurance uk finance motoring cost car carinsurance groveanddean motor auto cover http co wm kytiavv,GroveandDean,Grove & Dean,motor
en,rt ssirik july proxie bright life insurance centralwestgate proxie bright life,urmababe23,- babe ğŸ€,life
en,mention reality sag aftra union member quality health insurance much make qualify year working class people like,Pappiness,Nick Jack Pappas,health
en,price index increased june include shelter motor vehicle insurance apparel recreation personal care,zerohedge,zerohedge,motor
en,rt neverstopevolvn housing affordable vehicle better hold tight utility sky rocketing car insura,_DarlingNy,slim,health
en,akasham cbs mikemagscbs thousand million folx die maimed florida sued block life insurance impossible get,Joe_Buddha2,Robert Webster,life
en,rt cwebbonline dear govrondesantis another woke insurance company pulling state maybe skip iowa amp take car,LindaLawrey,ğ•ƒğ•šğ•Ÿğ••ğ•’ ğ•ƒğ•’ğ•¨ğ•£ğ•–ğ•ª,home
en,mwangi omwambake direct line motor vehicle mean wrong trusted insurance co motor non motor policy order old mutual heritage first assurance geminia ga insurance capacity underwrite high premium pay claim,_sam_chege,Sam Chege SC î¨€,motor
en,rt simonwdc desantis florida going harm entire gop next year week abortion ban barbaric treatment immigrant soaring,kosciuszko2035,Dog4Democracy,home
en,iubi created health hackathon launched end received governemnts equity free fund part accelerator health program already paid contract health insurance ethical approval test kid senior research using wp bot,brugrascyela,Bruna,health
en,rt ft canaanland kingdom advancement endeavour secure curse life law luke kingdom stewardship,Funmilo96630613,Funmilola,life
en,protect loved one build wealth simultaneously iul indexed universal life insurance http co ltzd ncg f powerful financial tool secure future financialsecurity planahead,TheIULGuru,The Insurance Guru,life
en,rt ssirik july proxie bright life insurance centralwestgate proxie bright life insurance,CrushOnGorn,â™¡à¾€à½² à¸„à¸£à¸±à¸Šà¸­à¸­à¸™.,life
en,rt sergrayson could literally lead project mark enough qualify health insurance actor like majo,AbdelwahabAssem,abdelwahab,health
en,major fail ron desantis ignoring florida home insurance crisis http co tkd uv xwd,realTuckFrumper,#TuckFrump,home
en,rt waterdean may move home insurance crisis rock ron desantis florida http co euwgadrtv insurance went,JustSimplyPeg,Pbrown,home
en,lancsroadpolice long ban least year ongoing counselling problem probably find difficult obtain form motor insurance warned unless take control life end disaster,mpbeds,mike powdrill,motor
en,rt allansseky drive confidently motor third party insurance weekend make sure valid mtp insurance,JohnFinley51277,John Finley,motor
en,rt waterdean may move home insurance crisis rock ron desantis florida http co euwgadrtv insurance went,ACurrle,AmpestğŸŒŠ ğŸ¾ ğŸ¦…ğŸ’”ğŸ‡ºğŸ‡¦ğŸŸ¦ğŸ’™ğŸ’›ğŸ¦‰,home
en,florida rocked home insurance crisis may sell move soaring hurricane cover premium bad news state homeowner ron desantis accused dragging foot read guardian http co ghwgnvlffc,KTLA5Gayle,KTLAGayleğŸ¤šğŸ½,home
en,rt waterdean may move home insurance crisis rock ron desantis florida http co euwgadrtv insurance went,alanbarnes20,alan barnes,home
en,rt ellen adair vast majority actor somewhere range sag actor make sag orde,OrganizeFISH,Ashley Myers,health
en,rt asahi dfd subbies scared go broke beg stab death hurry die faster cash health,KinkAFK,GooMaeve,health
en,rt lesleyabravanel florida rocked home insurance crisis may sell move soaring hurricane cover premium bad ne,IowaLady_,Iâ˜®ï¸waLady_ğŸŸ§ğŸ‡ºğŸ‡¸ğŸŒ»,home
en,rt cwebbonline dear govrondesantis another woke insurance company pulling state maybe skip iowa amp take car,JBMarcella1,Marcella B,home
en,rt annaforflorida aaa renew auto home insurance policy customer florida joining growing list insur,Deirdrewbeck,Deirdre Beck,home
en,national insurance corporation swico pax insurance lira get serious saturday office open really insure life motor vehicle take note,kyobe_gerald,Gerald Kyobe,motor
en,would happened give peace mind getting comprehensive motor insurance co op bank private vehicle school bus tuk tuk boda truck http co saciofiuse,BiznaKeOfficial,Bizna Kenya,motor
en,rt neverstopevolvn housing affordable vehicle better hold tight utility sky rocketing car insura,CaIiKapowski,Wanda Maximoff Stan Account,health
en,check risk retention group offering specialized auto amp garage insurance coverage ny nj ca fl ga tx providing automobile liability garage cyber liability auto dealer motor truck cargo insurance amp automobileinsurance riskretentiongroup,universalcasual,Universal Casualty,motor
en,mikemc tonyblackburn ev like kg also totally silent distinctive ev whine parasitic pay road tax motor insurance even third party entitled lefty scum cyclist also invade personal space pavement cycling mm away lefty troll,Andrew_Holt,Andrew Holt,motor
en,jayecane pay health insurance,lawinworld,Alan Budi Kusuma,health
en,rt cwebbonline dear govrondesantis another woke insurance company pulling state maybe skip iowa amp take car,PeebsY0,#InformedDissent,home
en,rt sarahnation seeing perfect storm housing crisis failing housing human right people without health,eric_jelin88152,EricJelinski,health
en,standog hinged damiadenuga funny thing car owner lagos rd party insurance go dey beg person road dem bash scratch another person motor drive lagos mistakenly bash u beg u small u gree dey change h asap insurance simple abc,prinxe_liberty,prince liberty ğŸ‡³ğŸ‡¬ğŸ‡§ğŸ‡­ğŸ‡¦ğŸ‡ªğŸ‡´ğŸ‡²ğŸ‡¬ğŸ‡ªğŸ‡¸ğŸ‡¦,motor
en,rt micaburton please read thread said way could survive working actor si,GajinkaFamiliar,Gajinka@moving....again,health
en,rt steveisdamaged fuzzymittens health insurance completely superfluous part health care add value add expense need,Hennype85026470,Hennypenny!,health
en,rt waterdean may move home insurance crisis rock ron desantis florida http co euwgadrtv insurance went,sheeda418,Sheeda ğŸŒğŸ¾â€â™€ï¸ğŸ‡ºğŸ‡¦ #StandwSAGAFTRA #BidenHarris,home
en,rt taxologyin input tax credit itc gst paid life insurance health insurance available input purpose let understand,CASam_K,Sameer karnik,life
en,rt ssirik july proxie bright life insurance centralwestgate proxie bright life insurance,CrushOnGorn,â™¡à¾€à½² à¸„à¸£à¸±à¸Šà¸­à¸­à¸™.,life
en,simmonsbart drs staff bonus dependent upon getting patient statin whose ldl gt especially certain insurance uhc united health care,Towanda39253171,Towanda,health
en,rt waterdean may move home insurance crisis rock ron desantis florida http co euwgadrtv insurance went,davidstevens111,ğŸğŸğŸŒğŸğŸ,home
en,legalclaret motor insurance commodity insurer zero loyalty reciprocate benefit staying insurer year make difference treat claim,SeamusConlan1,Seamus Conlan,motor
en,rt rumpfshaker floridian note desantis meeting presidential campaign finance committee tallahassee amp bb,caribkid,aperrault,home
en,rt cwebbonline dear govrondesantis another woke insurance company pulling state maybe skip iowa amp take car,tpluttig,TommyTheLoot ğŸºğŸŒŠ,home
en,rt asiwajuoladimej live initiative oainitiative today launched website order expedite enrollme,FaithBamAde,Da Coasta ğŸ’¯ğŸ’ğŸ’¥,health
en,munich primary insurance operation mainly concentrated ergo insurance group ergo writes type life health insurance type property casualty insurance outside germany ergo present country around world,msholly,MsHolly,health
en,rt delightin proxie bright life insurance proxieth proxiekim ht,mummyjambum,à¹à¸ˆà¹‰à¸¡à¸šà¸¸à¹‹à¸¡à¸‚à¸­à¸‡à¹€à¸”à¹‡à¸à¸ˆà¸¸à¹‰à¸¡ ê”› à©¯â€§Ì€Í¡u\ Ëšâº ğªÃ¯ğ‘‚ âŸ¢,life
en,team site aakenya auto clinic event kicc ground ready give best insurance insight advise best everything motor insurance information cic motor insurance visit http co bq eccunps http co yh dngfiy,CICGroupPLC,CIC Group PLC,motor
en,check top quality auto amp garage liability cyber motor truck cargo insurance coverage protect business best biz oklahoma oklahomariskretentiongroup autodealer garageliability cyberliability motortruckcargoinsurance,universalcasual,Universal Casualty,motor
en,florida rocked home insurance crisis may sell move soaring hurricane cover premium bad news state homeowner ron desantis accused dragging foot read guardian http co xaue qtf x,GayleKTLA,Gayle Anderson,home
en,rt cwebbonline dear govrondesantis another woke insurance company pulling state maybe skip iowa amp take car,Medieval4Me,Carolyn Hughes,home
en,rt cwebbonline dear govrondesantis another woke insurance company pulling state maybe skip iowa amp take car,dugovics,p dug â˜®ï¸ ğŸŒŠğŸŒŠğŸŒŠğŸŒŠSAVE DEMOCRACY VOTE BLUE,home
en,rt odnutcho proxie bright life insurance proxieth proxiechokun http co b ozk,wonderlaikaa,Laikaa â€§â‚ŠËš,life
en,thing remember hassle free motor claim settlement motorinsurance motor motorcycle insurance claim http co skvllzb uq,RamswarupTiwary,Ramswarup Tiwary,motor
en,protect auto dealership riskretentiongroup coverage auto liability garage cyber liability amp motor truck cargo insurance policy give peace mind need ny nj ca fl ga amp tx autoinsurance garageinsurance cyberliability cargoinsura,ucrrg,Universal Casualty,motor
en,rt teapainusa florida right wing hellhole http co mfzj ug nk,Adriene26,Dem80,home
en,tried convince mom could get motor scooter hit cold hard reality pay motorcycle insurance,WahusWorld,Wahuâ€¼ï¸,motor
en,govrondesantis foxnews cnn florida insurance company come die florida rocked home insurance crisis may sell move,Dedeahf,Antonio H. Ferreira,home
en,rt micaburton please read thread said way could survive working actor si,jonlevir,jonlevir,health
en,rt hazardlm calvin stat mph wind weaker impact island still tbd look wet windy surf might see tropical storm statemen,The_ChampionDon,Donovan Morgan,home
en,introducing unique auto dealer insurance package get exclusive protection need liability garage cyber liability motor truck cargo coverage insuranceforautodealers autodealers oklahoma,universalcasual,Universal Casualty,motor
en,need know nh alternative model funding etc watch channel news interview fund health service b need nh capacity c insurance model help need sustained funding increase get pay http co qaycnwxxzy,danielgoyal,Dr. Dan Goyal,health
en,rt allansseky drive confidently motor third party insurance weekend make sure valid mtp insurance,CarlosSimo8340,Carlos Simon,motor
en,rt ssirik july proxie bright life insurance centralwestgate sawadee krub long time see proxie bright life,ppastelshop,ppastelshop,life
en,rt chrismuhame rugyendoquotes joke new environment without free gas motor medical insurance rent amp trip allowance,RugyendoQuotes,Arinaitwe RugyendoğŸ‡ºğŸ‡¬,motor
en,everyone understands insurance company denying life insurance disability insurance life insurance people lc mean believe people w covid sequela pop rising increased risk dying young right k clear http co xbqxjo qij,lisa_iannattone,Dr. Lisa Iannattone,life
en,rt ssirik july proxie bright life insurance centralwestgate proxie bright life insu,yourmygoodboy,Êá´á´œÊ€á´ÊÉ¢á´á´á´…Ê™á´Ê áƒ¦,life
en,worked hard get auto dealership ground make sure insured get comprehensive auto garage cyber liability motor truck cargo insurance coverage help risk retention group autodealerinsurance cybersecurity motortruckcargo riskrete,ucrrg,Universal Casualty,motor
en,florida rocked home insurance crisis may sell move guardian http co mzijzebksu,_theOutpost_,_theOutpost_,home
en,rt ssirik july proxie bright life insurance centralwestgate proxie br,yourmygoodboy,Êá´á´œÊ€á´ÊÉ¢á´á´á´…Ê™á´Ê áƒ¦,life
en,rt pappiness mention reality sag aftra union member quality health insurance much,sylviapataki,Sylviapataki,health
en,rt odnutcho proxie bright life insurance proxieth proxiechokun http co b ozk,userwarm,ğŸ•,life
en,rt annyeongonglee proxie bright life insurance proxieth proxieonglee http co e xr,Babylove_ol,BabyğŸ©µ #à¸ªà¸–à¸²à¸™à¸°à¹€à¸šà¸¥à¸­,life
en,rt beauchandler gay male friend texas married one al probably u much lon,PilarLo99789823,Pilar Lopez,home
en,rt benbiotic republican amp democrat member congress president always level quality health insuran,MoneyVisCoach,Money N Vision,health
en,rt micaburton please read thread said way could survive working actor si,Paleonut_,Liz Madsen ğŸ‡ºğŸ‡¦ğŸŒ·ğŸª»,health
en,rt cwebbonline dear govrondesantis another woke insurance company pulling state maybe skip iowa amp take car,maeflame,Be_Loveâ™¥ï¸,home
en,damiadenuga help motor car insurance help comprehensive insurance third party insurance send dm,GreatestTee1,THE GREAT,motor
en,rt imotivateafrica initiative launched website order expedite enrollment sickle cell warrior ekiti state,WandeWatt,Wandeâ„¢ï¸ (OON),health
en,thricetry pluginalberta motor felipe might want realize one manipulated psyop big oil http co tx ozacv reducing air pollution direct correlation reducing respiratory issue medical insurance claim,Cmdrd5,Dan,motor
en,rt kimrhodes real show aired disney channel eight time week minimum time sq foot home forec,solo1y,Barry Purcell,home
en,rt neverstopevolvn housing affordable vehicle better hold tight utility sky rocketing car insura,shitisbananuhs,charlie swan stan acc ğŸ§›ğŸ»â€â™€ï¸,health
en,rt cwebbonline dear govrondesantis another woke insurance company pulling state maybe skip iowa amp take car,pengilis,Patricia Engilis,home
en,florida rocked home insurance crisis may sell move guardian http co mhn bozqj,ChantaCombs,CC,home
en,thricetry pluginalberta motor felipe guess probably paid insurance company make sense people push full privatization healthcare insurance company overlord cahoot big oil want drive much money taking people health issue,Cmdrd5,Dan,motor
en,fesshole tell getting sold invest smaller motor home fit u use ur half sale amp insurance go holiday u like life wasting ur valuable time sitting grim motorhome,yeepouter,yeep,motor
en,rt cwebbonline dear govrondesantis another woke insurance company pulling state maybe skip iowa amp take car,bluenashguy,Nash Blue ğŸŸ§,home
en,ashokkmrsingh dkyadav rajbhads kewrious satishbahri amitabhafirst bholanath bsf bhushan gyan bikash bindramanjot bkum kakar harsha generalbakshi sir army know register motor vehicle motor vehicle act carry inspection vehicle registration amp register vehicle illegally request read law amp discus read high court reply insurance govt vehicle including army insurance http co l wmdqzyn,Jabalpursafety,Gyan Prakash,motor
en,rt odnutcho proxie bright life insurance proxieth proxiechokun http,PPWTNC,PhiloPhobiağŸ–¤,life
en,rt odnutcho proxie bright life insurance proxieth proxiechokun http,laewjatammai,glazed *,life
en,rt micaburton please read thread said way could survive working actor si,JulietEMcKenna,Juliet E McKenna,health
en,rt waterdean may move home insurance crisis rock ron desantis florida http co euwgadrtv insurance went,mod19girl,Froannie ğŸŸ§,home
en,rt odnutcho proxie bright life insurance proxieth proxiechokun http co b ozk,_miminunique,à¸£à¹‰à¸²à¸à¸à¸¸à¸™ ğ“ˆ’ âŠ¹,life
en,rt admiraluk confused affect insurance need make claim check myth buster ensure,UKInsuranceTwit,UKInsuranceTwit,motor
en,rt asiwajuoladimej live initiative oainitiative today launched website order expedite enrollme,akinwale_cfi,Farmer Akin AlabiÂ®,health
en,rt asiwajuoladimej live initiative oainitiative today launched website order expedite enrollme,iMotivateAfrica,EKITI NO. 1 SHAWARMA PLUG,health
en,thebowser onomyalex libertycappy alright sure work gonna guess similar although restrictive like needing license tv u state require auto insurance operate motor vehicle renter insurance usually optional,NowLibertarian,libertarian Now!ğŸ—½ğŸ‡ºğŸ‡¸ğŸ,motor
en,rt david need life insurance call pastor curtis l johnson lincoln heritage life insurance sudden heart attack receiv,AmberSadler39,Amber Sadler,life
en,rt ssirik july proxie bright life insurance centralwestgate proxie brig,CrushOnGorn,â™¡à¾€à½² à¸„à¸£à¸±à¸Šà¸­à¸­à¸™.,life
en,got life insurance policy let take,jeremyislittle,jeremy,life
en,rt ssirik july proxie bright life insurance centralwestgate proxie brig,sa__ous,jg_orn. ğŸ©· à¸™à¹‰à¸­à¸‡à¸­à¸´à¹ˆà¸¡à¸šà¸¸à¸ /â–ªï¸à¹€à¸ˆà¹‡à¸šà¸­à¸¢à¸¹à¹ˆ hurtingâ–ªï¸\,life
en,outdoorsfla khalvin jakeshieldsajj restaurant worker expected work sick time often doctor note required call even though restaurant job provide worker health insurance,Todo266,Toxic VitriolğŸŒ¹,health
en,rt skkeys michael regan last week viewer surged victim tuned see housing official could explain insurance indu,ChrisMcNultyDgl,Chris McNulty,life
en,munich primary insurance operation mainly concentrated ergo insurance group ergo writes type life health insurance type property casualty insurance outside germany ergo present country around world,msholly,MsHolly,life
en,july proxie bright life insurance centralwestgate proxie bright life insurance proxieth proxiegorn http co vkqsv jsxv,ssirik_,- à¹€à¸ˆà¹‰à¸²à¸«à¸¥à¸´à¸§ -,life
en,rt hribltd office closed holiday monday july urgent enquiry please call u,fourmerrydoxies,Peace Love & Doxies,motor
en,new blood test focus sleep deprived driver unicom insurance motor trade news http co npehrnl motortrade motortradenews insurance http co pcmsojaqji,UnicomInsurance,Motor Trade News,motor
en,rt allansseky drive confidently motor third party insurance weekend make sure valid mtp insurance,pineda15177,Shelby Pineda,motor
en,motor insurance second largest segment health spike sale motor policy due vrooming automobile sector insurance growthrate motorinsurance carinsurance autoinsurance healthinsurance privatecompanies marketshare http co szr h vblx,cavikasmahajan,VIKAS MAHAJAN,motor
en,rt hazardlm calvin stat mph wind weaker impact island still tbd look wet windy surf might see tropical storm statemen,AlexaHawaii,Alexa Russell,home
en,rt danielgoyal need know nh alternative model funding etc watch channel news interview fund,SallyMos,Sally Moscrop #NHS ğŸ’™ğŸŒğŸ•ŠğŸ’šğŸ•ŠğŸ¬ğŸ’—ğŸ•ğŸ•ŠğŸ¾ğŸ¾ğŸ•Š,health
en,rt odnutcho proxie bright life insurance proxieth proxiechokun http,ckbabeb0i,à¥°Ë³ á´„Êœá´Éªá´˜ âœ¿ğ“ˆ’ rest,life
en,rt cwebbonline dear govrondesantis another woke insurance company pulling state maybe skip iowa amp take car,Ana4Latinas,Ana ğŸŸ§ğŸ’™,home
en,rt lauraloomer president trump talking making home ownership affordable young people meanwhile florida gov,david_millis,David Millis,home
en,rt micaburton please read thread said way could survive working actor si,misskittyf,ğŸ’–ğŸ’œğŸ’™ Prideful Ashley ğŸ’™ğŸ’œğŸ’–,health
en,rugyendoquotes joke new environment without free gas motor medical insurance rent amp trip allowance face reality,ChrisMuhame,Chris Muhame,motor
en,rt lawmombasa mega health partnership mombasa law society present affordable motor insurance solution get yo,Jemima__7656,jemima ğŸ˜¼,motor
en,rt cwebbonline dear govrondesantis another woke insurance company pulling state maybe skip iowa amp take car,MikeGolf86,Perry Snider,home
en,marinebharat health tax calculated cleak also pay health insurance family get free health care small paper cut expensive cancer treatment,_phnx_1,Vigyan,health
en,introducing comprehensive auto liability garage cyber liability amp motor truck cargo insurance coverage auto dealer ny nj ca fl ga amp tx save w risk retention group domiciled oklahoma autodealers autoinsurance rtginsurance,ucrrg,Universal Casualty,motor
en,rt micaburton please read thread said way could survive working actor si,euphemeas,ning,health
en,rt waterdean may move home insurance crisis rock ron desantis florida http co euwgadrtv insurance went,SebastianScarl8,Always Peace,home
en,rt micaburton please read thread said way could survive working actor si,dethdragon,zachary t,health
en,rt allansseky drive confidently motor third party insurance weekend make sure valid mtp insurance,johns_dana58908,Dana Johns,motor
en,rt asiwajuoladimej live initiative oainitiative today launched website order expedite enrollme,TheBookieFlair,Bukola Taiwo,health
en,july proxie bright life insurance centralwestgate proxie bright life insurance proxieth proxiegorn http co br kdvxtrm,ssirik_,- à¹€à¸ˆà¹‰à¸²à¸«à¸¥à¸´à¸§ -,life
en,jennyjupite rob e desantiswarroom rondesantis trump criminal liar desaster terrible governor claim credit covid response hiding florida death worse even cali ny business leaving inflation water polluted school crisis health care mess insurance awol http co icrqltkac,patimaguire,Paintinggirl ğŸ‡ºğŸ‡¦,health
en,rt kimrhodes real show aired disney channel eight time week minimum time sq foot home forec,solo1y,Barry Purcell,health
en,rt cwebbonline dear govrondesantis another woke insurance company pulling state maybe skip iowa amp take car,japer331,japer331@outlook.com,home
en,rt kn bulletin aia philippine kathryn new endoresment financial insurance dj new ebdoresment kaiser international,rochelleannher1,KathNiel ğŸ’™ğŸ’™ğŸ’™ğŸ’™ğŸ’™,health
en,rt ssirik july proxie bright life insurance centralwestgate proxie bright life,CrushOnGorn,â™¡à¾€à½² à¸„à¸£à¸±à¸Šà¸­à¸­à¸™.,life
en,rt waterdean may move home insurance crisis rock ron desantis florida http co euwgadrtv insurance went,ARealPrezReads,Ima LearnerğŸŸ§,home
en,rt asiwajuoladimej live initiative oainitiative today launched website order expedite enrollme,fattylincorn_01,36kinniun*2 ğŸ‘‘ ğŸ¦ ğŸ•Š,health
en,tailor insurance package business available bespoke rmi allianz offering known motor trade rmi product learn http co hr mmxckxq http co vbki iv,RMI_IGA,Independent Garage Association,motor
en,rt ssirik july proxie bright life insurance centralwestgate proxie br,sa__ous,jg_orn. ğŸ©· à¸™à¹‰à¸­à¸‡à¸­à¸´à¹ˆà¸¡à¸šà¸¸à¸ /â–ªï¸à¹€à¸ˆà¹‡à¸šà¸­à¸¢à¸¹à¹ˆ hurtingâ–ªï¸\,life
en,rt benbiotic republican amp democrat member congress president always level quality health insuran,JohnCon31962776,John Connors,health
en,secure future purchasing best insurance suit need researching different insurance policy ensure safe secure tomorrow incometax insurance insurancetips r funny motorinsurance motor motorcycle delhifloods insurance claim http co gsndz qtr,bcl_insurance,Bajaj Capital Insurance Broking Ltd.,motor
en,rt odnutcho proxie bright life insurance proxieth proxiechokun http co q,ckbabeb0i,à¥°Ë³ á´„Êœá´Éªá´˜ âœ¿ğ“ˆ’ rest,life
en,rt ellen adair vast majority actor somewhere range sag actor make sag orde,outofmyplanet,ğŸBromez AddamsğŸ,health
en,rt allansseky drive confidently motor third party insurance weekend make sure valid mtp insurance,MMclaughli63134,Melissa Mclaughlin,motor
en,initiative launched website order expedite enrollment sickle cell warrior ekiti state ekiti state health insurance scheme free medical care across state approved primary health facility applicant visit http co g qvxmsi,iMotivateAfrica,EKITI NO. 1 SHAWARMA PLUG,health
en,rt pappiness mention reality sag aftra union member quality health insurance much,2antsy,ReproFreedomVoter!,health
en,rt odnutcho proxie bright life insurance proxieth proxiechokun http,sebjTMa,/Éªtz supÉ™rkÉ™lÉªfrÃ¦dÊ’ÉªlÉªstÉªkÎµkspÉªÉ™lÉªdoÊƒÉ™s/,life
en,oh wow idea florida socialized home insurance http co bkrufflviy,KevinEkmark,"Trust me, Iâ€™m an Art Major",home
en,since repubs attacking u let drop taxpayer paying health insurance group afford pay health http co dywj vbix politician many millionaire congress need pay,leftatheart1,boomer,health
en,elonmusk sound like old people life insurance commercial cent day,SarahKe11687664,Sarah Keller,life
en,rt cwebbonline dear govrondesantis another woke insurance company pulling state maybe skip iowa amp take car,ScaryGary40,GB ğŸ“ˆ,home
en,rt cwebbonline dear govrondesantis another woke insurance company pulling state maybe skip iowa amp take car,805CuSs,Tony Rush,home
en,rt micaburton please read thread said way could survive working actor si,malk_sai,MalkOrSaiğŸ€,health
en,auto dealer ny nj ca fl ga amp tx protect liability garage cyber liability motor truck cargo insurance trusted risk retention group autoinsurance garageinsurance cyberliability motorcargo,ucrrg,Universal Casualty,motor
en,secondthought area rent br ba townhouse rent electrical water internet lowest w tv hoa car payment insurance grocery prescription saving home repair improvement etc average wage k yr,JasonLeeGrady,Libertas Centurion Î©,home
en,rt cwebbonline dear govrondesantis another woke insurance company pulling state maybe skip iowa amp take car,Eyeamfierce,Wildchild,home
en,rt imotivateafrica initiative launched website order expedite enrollment sickle cell warrior ekiti state,AsiwajuOladimej,#AsiwajuOladimeji,health
en,hey friend know people already pre existing condition hard time getting life insurance policy let know company currently waiving medical requirement applicant year old guaranteed issue offer valid,elyvalendez,Ely Valendez,life
en,rt uia ready weekend enjoyment order motor third party insurance get conveniently via airtel money b,Yosiakatamba3,Yosia katamba,motor
en,rt odnutcho proxie bright life insurance proxieth proxiechokun http co ha ol,ckbabeb0i,à¥°Ë³ á´„Êœá´Éªá´˜ âœ¿ğ“ˆ’ rest,life
